Time,Team 1,Score 1,Team 2,Score 2,Outcome Only,Tournament,Number of Players
9/19/2023 19:10:00,Red for Filth (F23),1,Limoncellhoes (F23),5,,,8
9/19/2023 19:30:00,Booooo Bs (F23),2,Coochie Monsters (F23),3,,,8
9/19/2023 19:30:00,Gay Grimaces (F23),2,Red for Filth (F23),2,,,8
9/19/2023 19:50:00,Booooo Bs (F23),4,Limoncellhoes (F23),0,,,8
9/19/2023 19:50:00,The Grey Agenda (F23),1,Coochie Monsters (F23),3,,,8
9/26/2023 19:10:00,Gay Grimaces (F23),0,Booooo Bs (F23),6,,,8
9/26/2023 19:10:00,The Grey Agenda (F23),3,Red for Filth (F23),2,,,8
9/26/2023 19:30:00,Gay Grimaces (F23),0,Coochie Monsters (F23),5,,,8
9/26/2023 19:30:00,Limoncellhoes (F23),2,The Grey Agenda (F23),1,,,8
9/26/2023 19:50:00,Booooo Bs (F23),3,Red for Filth (F23),2,,,8
9/26/2023 19:50:00,Coochie Monsters (F23),3,Limoncellhoes (F23),3,,,8
10/3/2023 19:10:00,Limoncellhoes (F23),1,Gay Grimaces (F23),3,,,8
10/3/2023 19:10:00,Red for Filth (F23),2,Coochie Monsters (F23),2,,,8
10/3/2023 19:30:00,Coochie Monsters (F23),5,The Grey Agenda (F23),0,,,8
10/3/2023 19:30:00,Limoncellhoes (F23),2,Booooo Bs (F23),2,,,8
10/3/2023 19:50:00,Booooo Bs (F23),4,The Grey Agenda (F23),0,,,8
10/3/2023 19:50:00,Red for Filth (F23),1,Gay Grimaces (F23),3,,,8
10/10/2023 19:10:00,Coochie Monsters (F23),4,Gay Grimaces (F23),0,,,8
10/10/2023 19:10:00,The Grey Agenda (F23),1,Limoncellhoes (F23),3,,,8
10/10/2023 19:30:00,Booooo Bs (F23),0,Coochie Monsters (F23),4,,,8
10/10/2023 19:30:00,Limoncellhoes (F23),4,Red for Filth (F23),2,,,8
10/10/2023 19:50:00,Gay Grimaces (F23),1,The Grey Agenda (F23),3,,,8
10/10/2023 19:50:00,Red for Filth (F23),0,Booooo Bs (F23),3,,,8
10/17/2023 19:10:00,Booooo Bs (F23),1,Gay Grimaces (F23),3,,,8
10/17/2023 19:10:00,Red for Filth (F23),1,The Grey Agenda (F23),4,,,8
10/17/2023 19:30:00,Coochie Monsters (F23),3,Red for Filth (F23),1,,,8
10/17/2023 19:30:00,Gay Grimaces (F23),2,Limoncellhoes (F23),1,,,8
10/17/2023 19:50:00,Limoncellhoes (F23),2,Coochie Monsters (F23),3,,,8
10/17/2023 19:50:00,The Grey Agenda (F23),0,Booooo Bs (F23),6,,,8
10/24/2023 19:10:00,Limoncellhoes (F23),1,Booooo Bs (F23),4,,,8
10/24/2023 19:10:00,The Grey Agenda (F23),4,Gay Grimaces (F23),1,,,8
10/24/2023 19:30:00,Coochie Monsters (F23),3,Booooo Bs (F23),2,,,8
10/24/2023 19:30:00,Red for Filth (F23),2,Limoncellhoes (F23),3,,,8
10/24/2023 19:50:00,Coochie Monsters (F23),3,The Grey Agenda (F23),2,,,8
10/24/2023 19:50:00,Gay Grimaces (F23),3,Red for Filth (F23),1,,,8
11/7/2023 19:10:00,Gay Grimaces (F23),4,The Grey Agenda (F23),3,,1,8
11/7/2023 19:10:00,Limoncellhoes (F23),5,Red for Filth (F23),1,,1,8
11/7/2023 19:30:00,Booooo Bs (F23),1,Limoncellhoes (F23),3,,1,8
11/7/2023 19:30:00,Coochie Monsters (F23),1,Gay Grimaces (F23),2,,1,8
11/7/2023 19:50:00,Gay Grimaces (F23),2,Limoncellhoes (F23),4,,1,8
1/31/2024 20:30:00,Naughty Nympho Navy (W24),2,Green Beans (W24),3,,,8
1/31/2024 20:50:00,H2-Ho (W24),3,Mommy’s DisappointMints (W24),1,,,8
1/31/2024 20:50:00,Stupid Cupids (W24),4,The Orangynas (W24),1,,,8
1/31/2024 21:10:00,"Be Gay, Do Lime (W24)",5,blU-Haul (W24),2,,,8
1/31/2024 21:10:00,Flint Flickers (W24),3,Violent Violets (W24),4,,,8
2/7/2024 19:50:00,"Be Gay, Do Lime (W24)",1,Stupid Cupids (W24),4,,,8
2/7/2024 19:50:00,Naughty Nympho Navy (W24),3,H2-Ho (W24),4,,,8
2/7/2024 20:10:00,Green Beans (W24),3,Flint Flickers (W24),3,,,8
2/7/2024 20:10:00,The Orangynas (W24),4,Violent Violets (W24),2,,,8
2/7/2024 20:30:00,Mommy’s DisappointMints (W24),4,Naughty Nympho Navy (W24),3,,,8
2/7/2024 20:30:00,Stupid Cupids (W24),1,blU-Haul (W24),3,,,8
2/7/2024 20:50:00,The Orangynas (W24),2,Green Beans (W24),3,,,8
2/7/2024 20:50:00,Violent Violets (W24),6,"Be Gay, Do Lime (W24)",2,,,8
2/7/2024 21:10:00,blU-Haul (W24),1,H2-Ho (W24),4,,,8
2/7/2024 21:10:00,Flint Flickers (W24),4,Mommy’s DisappointMints (W24),3,,,8
2/14/2024 19:50:00,Flint Flickers (W24),4,Naughty Nympho Navy (W24),2,,,8
2/14/2024 19:50:00,Stupid Cupids (W24),4,Green Beans (W24),1,,,8
2/14/2024 20:10:00,"Be Gay, Do Lime (W24)",2,Mommy’s DisappointMints (W24),3,,,8
2/14/2024 20:10:00,The Orangynas (W24),1,H2-Ho (W24),4,,,8
2/14/2024 20:30:00,blU-Haul (W24),2,Naughty Nympho Navy (W24),2,,,8
2/14/2024 20:30:00,Violent Violets (W24),4,Stupid Cupids (W24),2,,,8
2/14/2024 20:50:00,Green Beans (W24),3,"Be Gay, Do Lime (W24)",3,,,8
2/14/2024 20:50:00,H2-Ho (W24),7,Flint Flickers (W24),2,,,8
2/14/2024 21:10:00,Mommy’s DisappointMints (W24),4,The Orangynas (W24),2,,,8
2/14/2024 21:10:00,Violent Violets (W24),3,blU-Haul (W24),2,,,8
2/21/2024 19:50:00,Green Beans (W24),2,blU-Haul (W24),3,,,8
2/21/2024 19:50:00,The Orangynas (W24),0,Flint Flickers (W24),5,,,8
2/21/2024 20:10:00,H2-Ho (W24),4,"Be Gay, Do Lime (W24)",1,,,8
2/21/2024 20:10:00,Mommy’s DisappointMints (W24),3,Stupid Cupids (W24),2,,,8
2/21/2024 20:30:00,Green Beans (W24),3,Violent Violets (W24),3,,,8
2/21/2024 20:30:00,Naughty Nympho Navy (W24),1,The Orangynas (W24),3,,,8
2/21/2024 20:50:00,blU-Haul (W24),1,Flint Flickers (W24),3,,,8
2/21/2024 20:50:00,Stupid Cupids (W24),0,H2-Ho (W24),3,,,8
2/21/2024 21:10:00,"Be Gay, Do Lime (W24)",0,Naughty Nympho Navy (W24),5,,,8
2/21/2024 21:10:00,Violent Violets (W24),2,Mommy’s DisappointMints (W24),4,,,8
2/28/2024 19:50:00,"Be Gay, Do Lime (W24)",5,The Orangynas (W24),0,,,8
2/28/2024 19:50:00,Stupid Cupids (W24),2,Flint Flickers (W24),3,,,8
2/28/2024 20:10:00,Mommy’s DisappointMints (W24),4,blU-Haul (W24),0,,,8
2/28/2024 20:10:00,Naughty Nympho Navy (W24),3,Violent Violets (W24),5,,,8
2/28/2024 20:30:00,Flint Flickers (W24),4,"Be Gay, Do Lime (W24)",1,,,8
2/28/2024 20:30:00,H2-Ho (W24),1,Green Beans (W24),3,,,8
2/28/2024 20:50:00,blU-Haul (W24),2,The Orangynas (W24),3,,,8
2/28/2024 20:50:00,Naughty Nympho Navy (W24),3,Stupid Cupids (W24),3,,,8
2/28/2024 21:10:00,H2-Ho (W24),4,Violent Violets (W24),1,,,8
2/28/2024 21:10:00,Mommy’s DisappointMints (W24),4,Green Beans (W24),0,,,8
3/6/2024 19:50:00,"Be Gay, Do Lime (W24)",1,blU-Haul (W24),3,,1,8
3/6/2024 19:50:00,The Orangynas (W24),3,Naughty Nympho Navy (W24),4,,1,8
3/6/2024 20:10:00,Flint Flickers (W24),4,Stupid Cupids (W24),1,,1,8
3/6/2024 20:10:00,Mommy’s DisappointMints (W24),2,Naughty Nympho Navy (W24),3,,1,8
3/6/2024 20:30:00,H2-Ho (W24),4,blU-Haul (W24),3,,1,8
3/6/2024 20:50:00,H2-Ho (W24),5,Violent Violets (W24),2,,1,8
3/6/2024 20:50:00,Naughty Nympho Navy (W24),2,Flint Flickers (W24),4,,1,8
3/6/2024 21:10:00,H2-Ho (W24),4,Flint Flickers (W24),3,,1,8
4/10/2024 19:20:00,Blue is the Warmest Dodgeball (S24),4,Blue-Footed Boobies (S24),1,,,8
4/10/2024 19:20:00,Red Dyke District (S24),0,Glacial Gushers (S24),5,,,8
4/10/2024 19:40:00,Inti-MINT-cy issues (S24),3,Let's Have a Kiwi (S24),2,,,8
4/10/2024 19:40:00,Purple Pounders (S24),4,Honey Nut Queerios (S24),3,,,8
4/10/2024 20:00:00,Blue-Footed Boobies (S24),3,Lemon Drop Thots (S24),3,,,8
4/10/2024 20:00:00,Bubblegum Bitches (S24),2,Blue is the Warmest Dodgeball (S24),3,,,8
4/10/2024 20:20:00,Glacial Gushers (S24),3,Honey Nut Queerios (S24),3,,,8
4/10/2024 20:20:00,Let's Have a Kiwi (S24),2,Red Dyke District (S24),3,,,8
4/10/2024 20:40:00,Bubblegum Bitches (S24),0,Inti-MINT-cy issues (S24),6,,,8
4/10/2024 20:40:00,Lemon Drop Thots (S24),3,Purple Pounders (S24),4,,,8
4/17/2024 19:20:00,Honey Nut Queerios (S24),4,Let's Have a Kiwi (S24),3,,,8
4/17/2024 19:20:00,Red Dyke District (S24),3,Bubblegum Bitches (S24),2,,,8
4/17/2024 19:40:00,Inti-MINT-cy issues (S24),4,Blue-Footed Boobies (S24),2,,,8
4/17/2024 19:40:00,Purple Pounders (S24),1,Glacial Gushers (S24),5,,,8
4/17/2024 20:00:00,Bubblegum Bitches (S24),2,Honey Nut Queerios (S24),2,,,8
4/17/2024 20:00:00,Lemon Drop Thots (S24),4,Blue is the Warmest Dodgeball (S24),1,,,8
4/17/2024 20:20:00,Blue-Footed Boobies (S24),5,Red Dyke District (S24),3,,,8
4/17/2024 20:20:00,Let's Have a Kiwi (S24),0,Glacial Gushers (S24),6,,,8
4/17/2024 20:40:00,Blue is the Warmest Dodgeball (S24),2,Purple Pounders (S24),3,,,8
4/17/2024 20:40:00,Lemon Drop Thots (S24),0,Inti-MINT-cy issues (S24),6,,,8
4/24/2024 19:20:00,Glacial Gushers (S24),3,Bubblegum Bitches (S24),4,,,8
4/24/2024 19:20:00,Red Dyke District (S24),3,Lemon Drop Thots (S24),2,,,8
4/24/2024 19:40:00,Honey Nut Queerios (S24),5,Blue-Footed Boobies (S24),2,,,8
4/24/2024 19:40:00,Inti-MINT-cy issues (S24),6,Purple Pounders (S24),1,,,8
4/24/2024 20:00:00,Blue is the Warmest Dodgeball (S24),3,Red Dyke District (S24),3,,,8
4/24/2024 20:00:00,Bubblegum Bitches (S24),3,Let's Have a Kiwi (S24),3,,,
4/24/2024 20:20:00,Blue-Footed Boobies (S24),2,Glacial Gushers (S24),3,,,8
4/24/2024 20:20:00,Lemon Drop Thots (S24),1,Honey Nut Queerios (S24),5,,,8
4/24/2024 20:40:00,Inti-MINT-cy issues (S24),5,Blue is the Warmest Dodgeball (S24),0,,,8
4/24/2024 20:40:00,Purple Pounders (S24),1,Let's Have a Kiwi (S24),5,,,8
5/1/2024 19:20:00,Inti-MINT-cy issues (S24),4,Honey Nut Queerios (S24),1,,,8
5/1/2024 19:20:00,Let's Have a Kiwi (S24),3,Blue-Footed Boobies (S24),2,,,8
5/1/2024 19:40:00,Blue is the Warmest Dodgeball (S24),2,Glacial Gushers (S24),6,,,8
5/1/2024 19:40:00,Purple Pounders (S24),3,Bubblegum Bitches (S24),2,,,8
5/1/2024 20:00:00,Lemon Drop Thots (S24),1,Let's Have a Kiwi (S24),4,,,8
5/1/2024 20:00:00,Red Dyke District (S24),2,Inti-MINT-cy issues (S24),3,,,8
5/1/2024 20:20:00,Blue-Footed Boobies (S24),6,Bubblegum Bitches (S24),1,,,8
5/1/2024 20:20:00,Honey Nut Queerios (S24),4,Blue is the Warmest Dodgeball (S24),0,,,8
5/1/2024 20:40:00,Glacial Gushers (S24),4,Lemon Drop Thots (S24),1,,,8
5/1/2024 20:40:00,Red Dyke District (S24),2,Purple Pounders (S24),6,,,8
5/8/2024 19:20:00,Honey Nut Queerios (S24),7,Red Dyke District (S24),0,,,8
5/8/2024 19:20:00,Purple Pounders (S24),4,Blue-Footed Boobies (S24),2,,,8
5/8/2024 19:40:00,Blue is the Warmest Dodgeball (S24),1,Bubblegum Bitches (S24),4,,,8
5/8/2024 19:40:00,Let's Have a Kiwi (S24),2,Inti-MINT-cy issues (S24),3,,,8
5/8/2024 20:00:00,Glacial Gushers (S24),6,Red Dyke District (S24),0,,,8
5/8/2024 20:00:00,Lemon Drop Thots (S24),4,Blue-Footed Boobies (S24),3,,,8
5/8/2024 20:20:00,Honey Nut Queerios (S24),3,Purple Pounders (S24),2,,,8
5/8/2024 20:20:00,Let's Have a Kiwi (S24),2,Blue is the Warmest Dodgeball (S24),4,,,8
5/8/2024 20:40:00,Bubblegum Bitches (S24),2,Lemon Drop Thots (S24),3,,,8
5/8/2024 20:40:00,Glacial Gushers (S24),2,Inti-MINT-cy issues (S24),3,,,
5/15/2024 19:50:00,Honey Nut Queerios (S24),2,Glacial Gushers (S24),4,,,8
5/15/2024 19:50:00,Red Dyke District (S24),2,Let's Have a Kiwi (S24),3,,,8
5/15/2024 20:10:00,Inti-MINT-cy issues (S24),5,Bubblegum Bitches (S24),2,,,8
5/15/2024 20:10:00,Purple Pounders (S24),4,Lemon Drop Thots (S24),3,,,8
5/15/2024 20:30:00,Blue-Footed Boobies (S24),7,Blue is the Warmest Dodgeball (S24),2,,,8
5/15/2024 20:30:00,Let's Have a Kiwi (S24),2,Honey Nut Queerios (S24),4,,,8
5/15/2024 20:50:00,Bubblegum Bitches (S24),2,Red Dyke District (S24),4,,,8
5/15/2024 20:50:00,Glacial Gushers (S24),3,Purple Pounders (S24),3,,,8
5/15/2024 21:10:00,Blue is the Warmest Dodgeball (S24),1,Lemon Drop Thots (S24),4,,,8
5/15/2024 21:10:00,Blue-Footed Boobies (S24),3,Inti-MINT-cy issues (S24),4,,,8
7/10/2024 19:20:00,bratz (Su24),1,Royal Pain in the Ice (Su24),3,,,8
7/10/2024 19:20:00,Idina Mintzels (Su24),3,S*xual Tealing (Su24),3,,,8
7/10/2024 19:40:00,GAYtors (Su24),1,Big Eggplant Energy (Su24),2,,,8
7/10/2024 19:40:00,the dodgefathers (Su24),2,C*Mquats (Su24),2,,,8
7/10/2024 20:00:00,Ice To Go (Su24),0,Midnight Snack (Su24),6,,,8
7/10/2024 20:00:00,Red For Filth (Su24),5,Idina Mintzels (Su24),0,,,8
7/10/2024 20:20:00,Big Eggplant Energy (Su24),2,Royal Pain in the Ice (Su24),2,,,8
7/10/2024 20:20:00,S*xual Tealing (Su24),2,Citrus on My Face (Su24),3,,,8
7/10/2024 20:40:00,C*Mquats (Su24),3,bratz (Su24),1,,,8
7/10/2024 20:40:00,Midnight Snack (Su24),4,GAYtors (Su24),0,,,8
7/17/2024 19:20:00,Citrus on My Face (Su24),0,Red For Filth (Su24),5,,,8
7/17/2024 19:20:00,Idina Mintzels (Su24),0,C*Mquats (Su24),4,,,8
7/17/2024 19:40:00,GAYtors (Su24),2,Ice To Go (Su24),2,,,8
7/17/2024 19:40:00,Royal Pain in the Ice (Su24),3,the dodgefathers (Su24),2,,,8
7/17/2024 20:00:00,Big Eggplant Energy (Su24),1,bratz (Su24),3,,,8
7/17/2024 20:00:00,Midnight Snack (Su24),4,S*xual Tealing (Su24),1,,,8
7/17/2024 20:10:00,bratz (Su24),3,the dodgefathers (Su24),2,,,8
7/17/2024 20:20:00,C*Mquats (Su24),2,Citrus on My Face (Su24),2,,,8
7/17/2024 20:20:00,Royal Pain in the Ice (Su24),3,Idina Mintzels (Su24),2,,,8
7/17/2024 20:40:00,Red For Filth (Su24),2,Midnight Snack (Su24),2,,,8
7/17/2024 20:40:00,S*xual Tealing (Su24),2,GAYtors (Su24),2,,,
7/17/2024 20:50:00,Big Eggplant Energy (Su24),0,Ice To Go (Su24),5,,,8
7/24/2024 19:30:00,Ice To Go (Su24),1,S*xual Tealing (Su24),3,,,8
7/24/2024 19:30:00,Idina Mintzels (Su24),3,bratz (Su24),1,,,8
7/24/2024 19:50:00,Big Eggplant Energy (Su24),2,the dodgefathers (Su24),3,,,8
7/24/2024 19:50:00,GAYtors (Su24),0,Red For Filth (Su24),3,,,8
7/24/2024 20:10:00,bratz (Su24),0,Citrus on My Face (Su24),4,,,8
7/24/2024 20:10:00,Royal Pain in the Ice (Su24),0,Midnight Snack (Su24),4,,,
7/24/2024 20:30:00,C*Mquats (Su24),2,GAYtors (Su24),3,,,8
7/24/2024 20:30:00,Red For Filth (Su24),2,Ice To Go (Su24),2,,,8
7/24/2024 20:50:00,Big Eggplant Energy (Su24),4,S*xual Tealing (Su24),0,,,8
7/24/2024 20:50:00,the dodgefathers (Su24),5,Idina Mintzels (Su24),0,,,8
7/24/2024 21:10:00,Citrus on My Face (Su24),1,Royal Pain in the Ice (Su24),2,,,8
7/24/2024 21:10:00,Midnight Snack (Su24),2,C*Mquats (Su24),2,,,8
7/31/2024 19:30:00,Idina Mintzels (Su24),1,Citrus on My Face (Su24),3,,,8
7/31/2024 19:30:00,Royal Pain in the Ice (Su24),3,Ice To Go (Su24),2,,,8
7/31/2024 19:50:00,bratz (Su24),2,GAYtors (Su24),2,,,8
7/31/2024 19:50:00,S*xual Tealing (Su24),0,Red For Filth (Su24),4,,,8
7/31/2024 20:10:00,Ice To Go (Su24),2,C*Mquats (Su24),3,,,8
7/31/2024 20:10:00,Idina Mintzels (Su24),4,Big Eggplant Energy (Su24),1,,,8
7/31/2024 20:30:00,Citrus on My Face (Su24),0,the dodgefathers (Su24),4,,,8
7/31/2024 20:30:00,Midnight Snack (Su24),4,bratz (Su24),1,,,8
7/31/2024 20:50:00,C*Mquats (Su24),2,S*xual Tealing (Su24),3,,,8
7/31/2024 20:50:00,GAYtors (Su24),1,Royal Pain in the Ice (Su24),3,,,8
7/31/2024 21:10:00,Big Eggplant Energy (Su24),2,Red For Filth (Su24),3,,,8
7/31/2024 21:10:00,the dodgefathers (Su24),2,Midnight Snack (Su24),2,,,8
8/7/2024 19:30:00,Citrus on My Face (Su24),1,Big Eggplant Energy (Su24),6,,,8
8/7/2024 19:30:00,Red For Filth (Su24),2,C*Mquats (Su24),2,,,8
8/7/2024 19:50:00,bratz (Su24),2,S*xual Tealing (Su24),2,,,8
8/7/2024 19:50:00,Midnight Snack (Su24),2,Idina Mintzels (Su24),3,,,8
8/7/2024 20:10:00,Royal Pain in the Ice (Su24),0,Red For Filth (Su24),2,,,8
8/7/2024 20:10:00,the dodgefathers (Su24),3,Ice To Go (Su24),1,,,8
8/7/2024 20:30:00,Citrus on My Face (Su24),2,Midnight Snack (Su24),2,,,8
8/7/2024 20:30:00,Idina Mintzels (Su24),1,GAYtors (Su24),4,,,8
8/7/2024 20:50:00,Big Eggplant Energy (Su24),1,C*Mquats (Su24),5,,,8
8/7/2024 20:50:00,bratz (Su24),2,Ice To Go (Su24),2,,,8
8/7/2024 21:10:00,GAYtors (Su24),2,the dodgefathers (Su24),2,,,8
8/7/2024 21:10:00,S*xual Tealing (Su24),2,Royal Pain in the Ice (Su24),3,,,8
8/14/2024 19:30:00,Ice To Go (Su24),1,Citrus on My Face (Su24),5,,,8
8/14/2024 19:30:00,Red For Filth (Su24),3,bratz (Su24),1,,,8
8/14/2024 19:50:00,C*Mquats (Su24),3,Royal Pain in the Ice (Su24),3,,,8
8/14/2024 19:50:00,S*xual Tealing (Su24),3,the dodgefathers (Su24),2,,,8
8/14/2024 20:10:00,Ice To Go (Su24),3,Idina Mintzels (Su24),2,,,8
8/14/2024 20:10:00,Midnight Snack (Su24),3,Big Eggplant Energy (Su24),2,,,
8/14/2024 20:30:00,GAYtors (Su24),5,Citrus on My Face (Su24),1,,,8
8/14/2024 20:30:00,the dodgefathers (Su24),2,Red For Filth (Su24),3,,,8
8/14/2024 20:50:00,bratz (Su24),1,C*Mquats (Su24),4,,,8
8/14/2024 20:50:00,S*xual Tealing (Su24),4,Idina Mintzels (Su24),0,,,8
8/14/2024 21:10:00,GAYtors (Su24),3,Midnight Snack (Su24),1,,,8
8/14/2024 21:10:00,Royal Pain in the Ice (Su24),3,Big Eggplant Energy (Su24),1,,,
8/21/2024 19:30:00,Ice To Go (Su24),1,GAYtors (Su24),3,,,8
8/21/2024 19:30:00,Red For Filth (Su24),3,Citrus on My Face (Su24),1,,,8
8/21/2024 19:50:00,bratz (Su24),1,Big Eggplant Energy (Su24),3,,,8
8/21/2024 19:50:00,the dodgefathers (Su24),0,Royal Pain in the Ice (Su24),6,,,8
8/21/2024 20:10:00,C*Mquats (Su24),3,Idina Mintzels (Su24),2,,,8
8/21/2024 20:10:00,Midnight Snack (Su24),1,Ice To Go (Su24),4,,,8
8/21/2024 20:30:00,Big Eggplant Energy (Su24),2,GAYtors (Su24),3,,,8
8/21/2024 20:30:00,Citrus on My Face (Su24),3,S*xual Tealing (Su24),1,,,8
8/21/2024 20:50:00,Idina Mintzels (Su24),1,Red For Filth (Su24),4,,,8
8/21/2024 20:50:00,Royal Pain in the Ice (Su24),4,bratz (Su24),0,,,8
8/21/2024 21:10:00,C*Mquats (Su24),3,the dodgefathers (Su24),1,,,8
8/21/2024 21:10:00,S*xual Tealing (Su24),1,Midnight Snack (Su24),2,,,8
10/9/2024 18:40:00,Clementops (F24),3,Froggays (F24),2,,,8
10/9/2024 18:40:00,Violetly Gay (F24),2,Wet Dreams (F24),2,,,8
10/9/2024 19:00:00,Cardinal Sinners (F24),3,Winona Ride Her (F24),3,,,8
10/9/2024 19:00:00,The Blue Ballers (F24),4,Urine Trouble (F24),1,,,8
10/9/2024 19:20:00,Naughty Hotties (F24),2,Twerkoise (F24),1,,,8
10/9/2024 19:20:00,Queermint (F24),6,Lime and Punishment (F24),0,,,8
10/9/2024 19:40:00,Urine Trouble (F24),0,Froggays (F24),4,,,8
10/9/2024 19:40:00,Winona Ride Her (F24),1,Violetly Gay (F24),3,,,8
10/9/2024 20:00:00,Clementops (F24),3,Wet Dreams (F24),2,,,8
10/9/2024 20:00:00,The Blue Ballers (F24),4,Lime and Punishment (F24),1,,,8
10/9/2024 20:20:00,Queermint (F24),2,Naughty Hotties (F24),2,,,8
10/9/2024 20:20:00,Twerkoise (F24),3,Cardinal Sinners (F24),2,,,8
10/9/2024 20:40:00,Cuntolina Panthers (F24),2,Washington Formanders (F24),1,,,6
10/9/2024 20:40:00,Mean Gay Packers (F24),3,Vikinks (F24),1,,,6
10/9/2024 21:00:00,Cuntolina Panthers (F24),3,Vikinks (F24),1,,,6
10/9/2024 21:00:00,Edgar Allen Hoes (F24),3,Gay Sharks (F24),2,,,6
10/9/2024 21:20:00,Mean Gay Packers (F24),4,Gay Sharks (F24),1,,,6
10/9/2024 21:20:00,Washington Formanders (F24),0,Edgar Allen Hoes (F24),4,,,6
10/16/2024 18:40:00,Lime and Punishment (F24),1,Urine Trouble (F24),4,,,8
10/16/2024 18:40:00,Naughty Hotties (F24),3,The Blue Ballers (F24),1,,,8
10/16/2024 19:00:00,Cardinal Sinners (F24),3,Queermint (F24),2,,,8
10/16/2024 19:00:00,Violetly Gay (F24),2,Twerkoise (F24),3,,,8
10/16/2024 19:20:00,Froggays (F24),4,Lime and Punishment (F24),1,,,8
10/16/2024 19:20:00,Wet Dreams (F24),2,Winona Ride Her (F24),2,,,8
10/16/2024 19:40:00,Clementops (F24),3,Urine Trouble (F24),1,,,8
10/16/2024 19:40:00,The Blue Ballers (F24),1,Cardinal Sinners (F24),3,,,8
10/16/2024 20:00:00,Froggays (F24),1,Naughty Hotties (F24),4,,,8
10/16/2024 20:00:00,Queermint (F24),3,Violetly Gay (F24),3,,,8
10/16/2024 20:20:00,Twerkoise (F24),3,Wet Dreams (F24),1,,,8
10/16/2024 20:20:00,Winona Ride Her (F24),4,Clementops (F24),0,,,8
10/16/2024 20:40:00,Vikinks (F24),2,Gay Sharks (F24),2,,,6
10/16/2024 20:40:00,Washington Formanders (F24),1,Mean Gay Packers (F24),3,,,6
10/16/2024 21:00:00,Cuntolina Panthers (F24),1,Edgar Allen Hoes (F24),4,,,6
10/16/2024 21:00:00,Washington Formanders (F24),0,Vikinks (F24),4,,,6
10/16/2024 21:20:00,Gay Sharks (F24),3,Cuntolina Panthers (F24),1,,,6
10/16/2024 21:20:00,Mean Gay Packers (F24),3,Edgar Allen Hoes (F24),1,,,
10/23/2024 18:40:00,Cardinal Sinners (F24),2,Froggays (F24),2,,,8
10/23/2024 18:40:00,Wet Dreams (F24),3,Queermint (F24),4,,,8
10/23/2024 19:00:00,Naughty Hotties (F24),3,Urine Trouble (F24),1,,,8
10/23/2024 19:00:00,Violetly Gay (F24),1,The Blue Ballers (F24),5,,,8
10/23/2024 19:20:00,Queermint (F24),3,Winona Ride Her (F24),5,,,8
10/23/2024 19:20:00,Twerkoise (F24),4,Clementops (F24),0,,,8
10/23/2024 19:40:00,Froggays (F24),3,Violetly Gay (F24),2,,,8
10/23/2024 19:40:00,Lime and Punishment (F24),2,Naughty Hotties (F24),1,,,8
10/23/2024 20:00:00,The Blue Ballers (F24),1,Wet Dreams (F24),3,,,8
10/23/2024 20:00:00,Urine Trouble (F24),3,Cardinal Sinners (F24),1,,,8
10/23/2024 20:20:00,Clementops (F24),1,Lime and Punishment (F24),3,,,8
10/23/2024 20:20:00,Winona Ride Her (F24),5,Twerkoise (F24),0,,,8
10/23/2024 20:40:00,Gay Sharks (F24),2,Washington Formanders (F24),2,,,6
10/23/2024 20:40:00,Vikinks (F24),0,Cuntolina Panthers (F24),3,,,6
10/23/2024 21:00:00,Edgar Allen Hoes (F24),2,Washington Formanders (F24),3,,,6
10/23/2024 21:00:00,Gay Sharks (F24),3,Mean Gay Packers (F24),3,,,6
10/23/2024 21:20:00,Edgar Allen Hoes (F24),3,Vikinks (F24),3,,,6
10/23/2024 21:20:00,Mean Gay Packers (F24),2,Cuntolina Panthers (F24),2,,,6
11/13/2024 18:40:00,Lime and Punishment (F24),0,Winona Ride Her (F24),6,,,8
11/13/2024 18:40:00,Urine Trouble (F24),1,Twerkoise (F24),4,,,8
11/13/2024 19:00:00,Froggays (F24),2,Queermint (F24),4,,,8
11/13/2024 19:00:00,Naughty Hotties (F24),2,Wet Dreams (F24),1,,,8
11/13/2024 19:20:00,Cardinal Sinners (F24),3,Violetly Gay (F24),1,,,8
11/13/2024 19:20:00,Clementops (F24),2,The Blue Ballers (F24),2,,,8
11/13/2024 19:40:00,Urine Trouble (F24),0,Winona Ride Her (F24),4,,,8
11/13/2024 19:40:00,Wet Dreams (F24),4,Lime and Punishment (F24),1,,,8
11/13/2024 20:00:00,Twerkoise (F24),2,Froggays (F24),3,,,8
11/13/2024 20:00:00,Violetly Gay (F24),3,Naughty Hotties (F24),1,,,8
11/13/2024 20:20:00,Cardinal Sinners (F24),3,Clementops (F24),0,,,8
11/13/2024 20:20:00,Queermint (F24),3,The Blue Ballers (F24),2,,,8
11/13/2024 20:40:00,Mean Gay Packers (F24),1,Washington Formanders (F24),2,,,6
11/13/2024 20:40:00,Vikinks (F24),3,Edgar Allen Hoes (F24),1,,,6
11/13/2024 21:00:00,Cuntolina Panthers (F24),2,Mean Gay Packers (F24),2,,,6
11/13/2024 21:00:00,Washington Formanders (F24),0,Gay Sharks (F24),5,,,6
11/13/2024 21:20:00,Edgar Allen Hoes (F24),2,Cuntolina Panthers (F24),3,,,6
11/13/2024 21:20:00,Gay Sharks (F24),1,Vikinks (F24),3,,,6
11/20/2024 18:40:00,Violetly Gay (F24),3,Clementops (F24),2,,,8
11/20/2024 18:40:00,Wet Dreams (F24),2,Cardinal Sinners (F24),5,,,8
11/20/2024 19:00:00,The Blue Ballers (F24),2,Froggays (F24),3,,,8
11/20/2024 19:00:00,Winona Ride Her (F24),1,Naughty Hotties (F24),3,,,8
11/20/2024 19:20:00,Lime and Punishment (F24),2,Twerkoise (F24),3,,,8
11/20/2024 19:20:00,Queermint (F24),3,Urine Trouble (F24),2,,,8
11/20/2024 19:40:00,Froggays (F24),3,Clementops (F24),2,,,8
11/20/2024 19:40:00,Wet Dreams (F24),3,Violetly Gay (F24),1,,,8
11/20/2024 20:00:00,Twerkoise (F24),1,Naughty Hotties (F24),3,,,8
11/20/2024 20:00:00,Winona Ride Her (F24),3,Cardinal Sinners (F24),0,,,8
11/20/2024 20:20:00,Lime and Punishment (F24),0,Queermint (F24),7,,,8
11/20/2024 20:20:00,Urine Trouble (F24),2,The Blue Ballers (F24),2,,,8
11/20/2024 20:40:00,Gay Sharks (F24),2,Mean Gay Packers (F24),2,,,6
11/20/2024 20:40:00,Washington Formanders (F24),3,Edgar Allen Hoes (F24),2,,,6
11/20/2024 21:00:00,Edgar Allen Hoes (F24),0,Gay Sharks (F24),3,,,6
11/20/2024 21:00:00,Vikinks (F24),3,Cuntolina Panthers (F24),1,,,6
11/20/2024 21:20:00,Cuntolina Panthers (F24),4,Washington Formanders (F24),1,,,6
11/20/2024 21:20:00,Vikinks (F24),3,Mean Gay Packers (F24),1,,,6
12/4/2024 18:40:00,Cardinal Sinners (F24),0,Clementops (F24),1,1,1,8
12/4/2024 18:40:00,Wet Dreams (F24),1,Urine Trouble (F24),0,1,1,8
12/4/2024 19:00:00,Twerkoise (F24),1,Lime and Punishment (F24),0,1,1,8
12/4/2024 19:00:00,Violetly Gay (F24),1,The Blue Ballers (F24),0,,,
12/4/2024 19:20:00,Froggays (F24),0,Clementops (F24),1,1,1,8
12/4/2024 19:20:00,Naughty Hotties (F24),1,Wet Dreams (F24),0,1,1,8
12/4/2024 19:40:00,Queermint (F24),1,Twerkoise (F24),0,1,1,8
12/4/2024 19:40:00,Winona Ride Her (F24),0,Violetly Gay (F24),1,1,1,8
12/4/2024 20:00:00,Naughty Hotties (F24),1,Clementops (F24),0,1,1,8
12/4/2024 20:00:00,Violetly Gay (F24),0,Queermint (F24),1,1,1,8
12/4/2024 20:20:00,Queermint (F24),1,Naughty Hotties (F24),0,1,1,8
12/4/2024 20:40:00,Cuntolina Panthers (F24),1,Washington Formanders (F24),0,1,1,6
12/4/2024 20:40:00,Mean Gay Packers (F24),1,Edgar Allen Hoes (F24),0,,,
12/4/2024 21:00:00,Gay Sharks (F24),0,Mean Gay Packers (F24),1,1,1,6
12/4/2024 21:00:00,Vikinks (F24),0,Cuntolina Panthers (F24),1,,,
12/4/2024 21:20:00,Cuntolina Panthers (F24),1,Mean Gay Packers (F24),0,1,1,6
2/2/2025 16:15:00,2 Girls 1 Train (W25),3,Sixual Tension (W25),3,,,6
2/2/2025 16:15:00,Big D (train) Energy (W25),3,Reese's Pieces (W25),0,,,6
2/2/2025 16:35:00,QTs (W25),2,Sixual Tension (W25),4,,,6
2/2/2025 16:35:00,Reese's Pieces (W25),0,PATH to Poundtown (W25),5,,,8
2/2/2025 16:55:00,2 Girls 1 Train (W25),2,Big D (train) Energy (W25),5,,,6
2/2/2025 16:55:00,QTs (W25),5,PATH to Poundtown (W25),2,,,8
2/5/2025 19:00:00,My Chemical Throwmance (W25),3,Dyke Dynasty (W25),0,,,8
2/5/2025 19:00:00,Purple Pain (W25),3,Red Light District (W25),1,,,8
2/5/2025 19:20:00,Charcoochie (W25),4,Macaroni in a Pot (W25),0,,,8
2/5/2025 19:20:00,Ice Dykes (W25),3,Mary Wannas (W25),2,,,8
2/5/2025 19:40:00,Call Me Navy (W25),1,Buns of Teal (W25),3,,,8
2/5/2025 19:40:00,It's the cLIME (W25),1,Pulp Friction (W25),5,,,8
2/5/2025 20:00:00,Dyke Dynasty (W25),1,Purple Pain (W25),2,,,8
2/5/2025 20:00:00,Red Light District (W25),3,Mary Wannas (W25),2,,,8
2/5/2025 20:20:00,Ice Dykes (W25),2,Buns of Teal (W25),2,,,8
2/5/2025 20:20:00,My Chemical Throwmance (W25),3,Charcoochie (W25),1,,,8
2/5/2025 20:40:00,Macaroni in a Pot (W25),0,It's the cLIME (W25),6,,,8
2/5/2025 20:40:00,Pulp Friction (W25),5,Call Me Navy (W25),1,,,8
2/9/2025 16:15:00,Reese's Pieces (W25),1,QTs (W25),9,,,8
2/9/2025 16:15:00,Sixual Tension (W25),3,Big D (train) Energy (W25),2,,,6
2/9/2025 16:35:00,PATH to Poundtown (W25),5,2 Girls 1 Train (W25),0,,,6
2/9/2025 16:35:00,Sixual Tension (W25),8,Reese's Pieces (W25),0,,,6
2/9/2025 16:55:00,2 Girls 1 Train (W25),4,QTs (W25),3,,,6
2/9/2025 16:55:00,PATH to Poundtown (W25),5,Big D (train) Energy (W25),1,,,6
2/12/2025 19:00:00,Ice Dykes (W25),5,Red Light District (W25),1,,,8
2/12/2025 19:00:00,My Chemical Throwmance (W25),1,Call Me Navy (W25),2,,,8
2/12/2025 19:20:00,Macaroni in a Pot (W25),2,Buns of Teal (W25),3,,,8
2/12/2025 19:20:00,Mary Wannas (W25),1,Dyke Dynasty (W25),3,,,8
2/12/2025 19:40:00,Charcoochie (W25),1,Purple Pain (W25),2,,,8
2/12/2025 19:40:00,Pulp Friction (W25),2,Ice Dykes (W25),2,,,8
2/12/2025 20:00:00,Dyke Dynasty (W25),0,Red Light District (W25),5,,,8
2/12/2025 20:00:00,It's the cLIME (W25),0,My Chemical Throwmance (W25),4,,,8
2/12/2025 20:20:00,Call Me Navy (W25),2,Macaroni in a Pot (W25),1,,,8
2/12/2025 20:20:00,Mary Wannas (W25),0,Charcoochie (W25),3,,,8
2/12/2025 20:40:00,Buns of Teal (W25),4,Pulp Friction (W25),1,,,8
2/12/2025 20:40:00,Purple Pain (W25),3,It's the cLIME (W25),1,,,8
2/16/2025 16:15:00,PATH to Poundtown (W25),3,Sixual Tension (W25),4,,,6
2/16/2025 16:15:00,QTs (W25),9,Big D (train) Energy (W25),1,,,6
2/16/2025 16:35:00,QTs (W25),3,Sixual Tension (W25),1,,,6
2/16/2025 16:35:00,Reese's Pieces (W25),0,2 Girls 1 Train (W25),6,,,6
2/16/2025 16:55:00,Big D (train) Energy (W25),0,2 Girls 1 Train (W25),10,,,6
2/16/2025 16:55:00,PATH to Poundtown (W25),5,Reese's Pieces (W25),2,,,8
2/19/2025 19:00:00,My Chemical Throwmance (W25),5,Pulp Friction (W25),0,,,8
2/19/2025 19:00:00,Purple Pain (W25),2,Buns of Teal (W25),2,,,8
2/19/2025 19:20:00,Ice Dykes (W25),4,Dyke Dynasty (W25),0,,,8
2/19/2025 19:20:00,Mary Wannas (W25),4,Call Me Navy (W25),1,,,8
2/19/2025 19:40:00,Buns of Teal (W25),1,My Chemical Throwmance (W25),4,,,8
2/19/2025 19:40:00,Pulp Friction (W25),2,Macaroni in a Pot (W25),2,,,8
2/19/2025 20:00:00,Dyke Dynasty (W25),1,Charcoochie (W25),3,,,8
2/19/2025 20:00:00,Red Light District (W25),2,It's the cLIME (W25),3,,,8
2/19/2025 20:20:00,Call Me Navy (W25),2,Purple Pain (W25),2,,,8
2/19/2025 20:20:00,Macaroni in a Pot (W25),1,Ice Dykes (W25),3,,,8
2/19/2025 20:40:00,Charcoochie (W25),3,Red Light District (W25),3,,,8
2/19/2025 20:40:00,It's the cLIME (W25),2,Mary Wannas (W25),3,,,8
2/23/2025 16:15:00,2 Girls 1 Train (W25),4,PATH to Poundtown (W25),2,,,6
2/23/2025 16:15:00,Reese's Pieces (W25),1,Big D (train) Energy (W25),6,,,6
2/23/2025 16:35:00,Big D (train) Energy (W25),4,Sixual Tension (W25),4,,,6
2/23/2025 16:35:00,PATH to Poundtown (W25),2,QTs (W25),3,,,8
2/23/2025 16:55:00,QTs (W25),7,Reese's Pieces (W25),0,,,8
2/23/2025 16:55:00,Sixual Tension (W25),4,2 Girls 1 Train (W25),3,,,6
2/26/2025 19:00:00,Call Me Navy (W25),1,Red Light District (W25),4,,,8
2/26/2025 19:00:00,Charcoochie (W25),3,Ice Dykes (W25),1,,,8
2/26/2025 19:20:00,Buns of Teal (W25),3,Mary Wannas (W25),2,,,8
2/26/2025 19:20:00,My Chemical Throwmance (W25),5,Macaroni in a Pot (W25),1,,,8
2/26/2025 19:40:00,Charcoochie (W25),2,It's the cLIME (W25),1,,,8
2/26/2025 19:40:00,Pulp Friction (W25),3,Purple Pain (W25),1,,,8
2/26/2025 20:00:00,Dyke Dynasty (W25),4,Call Me Navy (W25),0,,,8
2/26/2025 20:00:00,Red Light District (W25),1,Buns of Teal (W25),6,,,8
2/26/2025 20:20:00,Ice Dykes (W25),3,My Chemical Throwmance (W25),1,,,8
2/26/2025 20:20:00,Mary Wannas (W25),2,Pulp Friction (W25),4,,,8
2/26/2025 20:40:00,It's the cLIME (W25),0,Dyke Dynasty (W25),5,,,8
2/26/2025 20:40:00,Purple Pain (W25),3,Macaroni in a Pot (W25),2,,,8
3/2/2025 16:15:00,QTs (W25),3,2 Girls 1 Train (W25),3,,,6
3/2/2025 16:15:00,Sixual Tension (W25),4,PATH to Poundtown (W25),3,,,6
3/2/2025 16:35:00,Big D (train) Energy (W25),3,QTs (W25),4,,,6
3/2/2025 16:35:00,Reese's Pieces (W25),1,Sixual Tension (W25),6,,,6
3/2/2025 16:55:00,2 Girls 1 Train (W25),7,Reese's Pieces (W25),0,,,6
3/2/2025 16:55:00,PATH to Poundtown (W25),5,Big D (train) Energy (W25),1,,,6
3/5/2025 19:00:00,Call Me Navy (W25),2,Charcoochie (W25),3,,,8
3/5/2025 19:00:00,Red Light District (W25),2,Macaroni in a Pot (W25),4,,,8
3/5/2025 19:20:00,Dyke Dynasty (W25),3,Pulp Friction (W25),0,,,8
3/5/2025 19:20:00,Mary Wannas (W25),2,My Chemical Throwmance (W25),2,,,8
3/5/2025 19:40:00,Ice Dykes (W25),1,Purple Pain (W25),3,,,8
3/5/2025 19:40:00,It's the cLIME (W25),2,Call Me Navy (W25),2,,,8
3/5/2025 20:00:00,Charcoochie (W25),1,Buns of Teal (W25),3,,,8
3/5/2025 20:00:00,Macaroni in a Pot (W25),2,Mary Wannas (W25),2,,,8
3/5/2025 20:20:00,Purple Pain (W25),3,My Chemical Throwmance (W25),2,,,8
3/5/2025 20:20:00,Red Light District (W25),1,Pulp Friction (W25),3,,,8
3/5/2025 20:40:00,Buns of Teal (W25),2,Dyke Dynasty (W25),3,,,8
3/5/2025 20:40:00,It's the cLIME (W25),2,Ice Dykes (W25),2,,,8
3/9/2025 16:15:00,Big D (train) Energy (W25),5,2 Girls 1 Train (W25),2,,,6
3/9/2025 16:15:00,QTs (W25),4,PATH to Poundtown (W25),1,,,8
3/9/2025 16:35:00,Reese's Pieces (W25),0,PATH to Poundtown (W25),7,,,8
3/9/2025 16:35:00,Sixual Tension (W25),4,QTs (W25),4,,,6
3/9/2025 16:55:00,2 Girls 1 Train (W25),4,Sixual Tension (W25),5,,,6
3/9/2025 16:55:00,Big D (train) Energy (W25),8,Reese's Pieces (W25),0,,,6
3/12/2025 19:00:00,Call Me Navy (W25),1,Ice Dykes (W25),4,,,8
3/12/2025 19:00:00,Purple Pain (W25),2,Mary Wannas (W25),4,,,8
3/12/2025 19:20:00,Buns of Teal (W25),2,It's the cLIME (W25),2,,,8
3/12/2025 19:20:00,Pulp Friction (W25),3,Charcoochie (W25),1,,,8
3/12/2025 19:40:00,Macaroni in a Pot (W25),3,Dyke Dynasty (W25),2,,,8
3/12/2025 19:40:00,My Chemical Throwmance (W25),6,Red Light District (W25),1,,,8
3/12/2025 20:00:00,Mary Wannas (W25),2,Ice Dykes (W25),3,,,8
3/12/2025 20:00:00,Pulp Friction (W25),4,It's the cLIME (W25),2,,,8
3/12/2025 20:20:00,Buns of Teal (W25),4,Call Me Navy (W25),0,,,8
3/12/2025 20:20:00,Red Light District (W25),2,Purple Pain (W25),3,,,8
3/12/2025 20:40:00,Dyke Dynasty (W25),0,My Chemical Throwmance (W25),5,,,8
3/12/2025 20:40:00,Macaroni in a Pot (W25),2,Charcoochie (W25),3,,,8
3/16/2025 16:15:00,2 Girls 1 Train (W25),9,Reese's Pieces (W25),0,,1,6
3/16/2025 16:15:00,PATH to Poundtown (W25),4,Big D (train) Energy (W25),2,,1,6
3/16/2025 16:35:00,QTs (W25),2,PATH to Poundtown (W25),3,,1,8
3/16/2025 16:35:00,Sixual Tension (W25),2,2 Girls 1 Train (W25),5,,1,6
3/16/2025 16:55:00,PATH to Poundtown (W25),5,2 Girls 1 Train (W25),3,,1,6
4/27/2025 16:35:00,Gaydes (S25),7,Serving Cunt(ress) (S25),0,,,6
4/27/2025 16:35:00,Thunder Cunts (S25),3,DioNasties (S25),3,,,6
4/27/2025 16:55:00,Aphrodisiacs (S25),1,Thunder Cunts (S25),7,,,6
4/27/2025 16:55:00,ur mom (S25),4,DioNasties (S25),2,,,6
4/27/2025 17:15:00,Aphrodisiacs (S25),2,Gaydes (S25),4,,,6
4/27/2025 17:15:00,ur mom (S25),5,Serving Cunt(ress) (S25),2,,,6
4/30/2025 19:00:00,Citrus Got Real (S25),3,Dandy Lions (S25),3,,,8
4/30/2025 19:00:00,U-Haul Red-y (S25),1,Extra Virgin Olive Oil (S25),3,,,8
4/30/2025 19:20:00,Hoedrangeas (S25),1,Snowmosexuals (S25),3,,,8
4/30/2025 19:20:00,Winner Mintality (S25),4,The Garden Hoes (S25),0,,,8
4/30/2025 19:40:00,Carrot Tops (S25),2,Lavender Menaces (S25),3,,,8
4/30/2025 19:40:00,Pop-Off-y Seeds (S25),2,Pink Peony Club (S25),1,,,8
4/30/2025 20:00:00,Dandy Lions (S25),4,Extra Virgin Olive Oil (S25),1,,,8
4/30/2025 20:00:00,Snowmosexuals (S25),3,Citrus Got Real (S25),2,,,8
4/30/2025 20:20:00,Lavender Menaces (S25),3,Pop-Off-y Seeds (S25),2,,,8
4/30/2025 20:20:00,U-Haul Red-y (S25),4,Pink Peony Club (S25),1,,,8
4/30/2025 20:40:00,Hoedrangeas (S25),1,Winner Mintality (S25),3,,,8
4/30/2025 20:40:00,The Garden Hoes (S25),3,Carrot Tops (S25),1,,,8
5/4/2025 16:35:00,DioNasties (S25),4,Aphrodisiacs (S25),1,,,6
5/4/2025 16:35:00,Serving Cunt(ress) (S25),1,Thunder Cunts (S25),5,,,6
5/4/2025 16:55:00,Aphrodisiacs (S25),3,ur mom (S25),4,,,6
5/4/2025 16:55:00,Thunder Cunts (S25),5,Gaydes (S25),0,,,6
5/4/2025 17:15:00,Serving Cunt(ress) (S25),0,DioNasties (S25),5,,,6
5/4/2025 17:15:00,ur mom (S25),5,Gaydes (S25),0,,,6
5/7/2025 19:00:00,Pop-Off-y Seeds (S25),0,The Garden Hoes (S25),5,,,8
5/7/2025 19:00:00,Snowmosexuals (S25),2,Dandy Lions (S25),3,,,8
5/7/2025 19:20:00,Extra Virgin Olive Oil (S25),3,Winner Mintality (S25),1,,,8
5/7/2025 19:20:00,Lavender Menaces (S25),2,U-Haul Red-y (S25),3,,,8
5/7/2025 19:40:00,Carrot Tops (S25),4,Hoedrangeas (S25),0,,,8
5/7/2025 19:40:00,The Garden Hoes (S25),2,Pink Peony Club (S25),2,,,8
5/7/2025 20:00:00,Citrus Got Real (S25),0,Winner Mintality (S25),3,,,8
5/7/2025 20:00:00,U-Haul Red-y (S25),1,Dandy Lions (S25),3,,,8
5/7/2025 20:20:00,Extra Virgin Olive Oil (S25),2,Snowmosexuals (S25),2,,,8
5/7/2025 20:20:00,Hoedrangeas (S25),2,Pop-Off-y Seeds (S25),1,,,8
5/7/2025 20:40:00,Citrus Got Real (S25),3,Carrot Tops (S25),2,,,8
5/7/2025 20:40:00,Pink Peony Club (S25),2,Lavender Menaces (S25),0,,,8
5/11/2025 16:35:00,Aphrodisiacs (S25),8,Serving Cunt(ress) (S25),0,,,6
5/11/2025 16:35:00,Gaydes (S25),5,DioNasties (S25),1,,,6
5/11/2025 16:55:00,Aphrodisiacs (S25),3,Thunder Cunts (S25),4,,,6
5/11/2025 16:55:00,DioNasties (S25),4,ur mom (S25),1,,,6
5/11/2025 17:15:00,Serving Cunt(ress) (S25),2,Gaydes (S25),6,,,6
5/11/2025 17:15:00,Thunder Cunts (S25),5,ur mom (S25),2,,,6
5/14/2025 19:00:00,Citrus Got Real (S25),1,Pink Peony Club (S25),2,,,8
5/14/2025 19:00:00,Hoedrangeas (S25),2,Lavender Menaces (S25),3,,,8
5/14/2025 19:20:00,Extra Virgin Olive Oil (S25),2,Pop-Off-y Seeds (S25),3,,,8
5/14/2025 19:20:00,Winner Mintality (S25),2,Dandy Lions (S25),2,,,8
5/14/2025 19:40:00,Carrot Tops (S25),2,Extra Virgin Olive Oil (S25),3,,,8
5/14/2025 19:40:00,Pink Peony Club (S25),4,Hoedrangeas (S25),0,,,8
5/14/2025 20:00:00,Lavender Menaces (S25),4,The Garden Hoes (S25),1,,,8
5/14/2025 20:00:00,U-Haul Red-y (S25),4,Snowmosexuals (S25),1,,,
5/14/2025 20:20:00,Dandy Lions (S25),2,Carrot Tops (S25),2,,,8
5/14/2025 20:20:00,Pop-Off-y Seeds (S25),3,Citrus Got Real (S25),1,,,8
5/14/2025 20:40:00,The Garden Hoes (S25),1,U-Haul Red-y (S25),4,,,8
5/14/2025 20:40:00,Winner Mintality (S25),2,Snowmosexuals (S25),2,,,8
5/18/2025 16:35:00,DioNasties (S25),2,Serving Cunt(ress) (S25),5,,,6
5/18/2025 16:35:00,ur mom (S25),2,Aphrodisiacs (S25),5,,,
5/18/2025 16:55:00,Gaydes (S25),4,Aphrodisiacs (S25),2,,,6
5/18/2025 16:55:00,Thunder Cunts (S25),4,DioNasties (S25),2,,,
5/18/2025 17:15:00,Gaydes (S25),5,Thunder Cunts (S25),2,,,6
5/18/2025 17:15:00,Serving Cunt(ress) (S25),4,ur mom (S25),4,,,6
5/21/2025 19:00:00,Carrot Tops (S25),1,Snowmosexuals (S25),4,,,8
5/21/2025 19:00:00,Extra Virgin Olive Oil (S25),2,Lavender Menaces (S25),1,,,8
5/21/2025 19:20:00,Citrus Got Real (S25),6,The Garden Hoes (S25),0,,,8
5/21/2025 19:20:00,Dandy Lions (S25),4,Pink Peony Club (S25),0,,,8
5/21/2025 19:40:00,Snowmosexuals (S25),5,Pop-Off-y Seeds (S25),0,,,8
5/21/2025 19:40:00,U-Haul Red-y (S25),4,Hoedrangeas (S25),1,,,8
5/21/2025 20:00:00,Pink Peony Club (S25),0,Extra Virgin Olive Oil (S25),4,,,8
5/21/2025 20:00:00,Winner Mintality (S25),4,Carrot Tops (S25),0,,,8
5/21/2025 20:20:00,Lavender Menaces (S25),0,Citrus Got Real (S25),6,,,8
5/21/2025 20:20:00,Pop-Off-y Seeds (S25),0,Dandy Lions (S25),6,,,
5/21/2025 20:40:00,The Garden Hoes (S25),2,Hoedrangeas (S25),2,,,8
5/21/2025 20:40:00,Winner Mintality (S25),3,U-Haul Red-y (S25),2,,,8
6/1/2025 16:35:00,Aphrodisiacs (S25),0,DioNasties (S25),5,,,6
6/1/2025 16:35:00,Thunder Cunts (S25),7,Serving Cunt(ress) (S25),0,,,6
6/1/2025 16:35:00,Thunder Cunts (S25),7,Serving Cunt(ress) (S25),0,,,
6/1/2025 16:35:00,Aphrodisiacs (S25),0,DioNasties (S25),5,,,
6/1/2025 16:55:00,DioNasties (S25),3,Gaydes (S25),2,,,6
6/1/2025 16:55:00,ur mom (S25),3,Thunder Cunts (S25),3,,,6
6/1/2025 16:55:00,ur mom (S25),3,Thunder Cunts (S25),3,,,
6/1/2025 16:55:00,DioNasties (S25),3,Gaydes (S25),2,,,
6/1/2025 17:15:00,Gaydes (S25),1,ur mom (S25),5,,,6
6/1/2025 17:15:00,Serving Cunt(ress) (S25),5,Aphrodisiacs (S25),0,,,6
6/1/2025 17:15:00,Gaydes (S25),1,ur mom (S25),5,,,
6/1/2025 17:15:00,Serving Cunt(ress) (S25),5,Aphrodisiacs (S25),0,,,
6/8/2025 16:35:00,DioNasties (S25),3,Thunder Cunts (S25),5,,,6
6/8/2025 16:35:00,ur mom (S25),6,Serving Cunt(ress) (S25),1,,,6
6/8/2025 16:35:00,DioNasties (S25),3,Thunder Cunts (S25),5,,,
6/8/2025 16:35:00,ur mom (S25),6,Serving Cunt(ress) (S25),1,,,
6/8/2025 16:55:00,DioNasties (S25),1,ur mom (S25),5,,,6
6/8/2025 16:55:00,Gaydes (S25),7,Aphrodisiacs (S25),0,,,6
6/8/2025 16:55:00,Gaydes (S25),7,Aphrodisiacs (S25),0,,,
6/8/2025 16:55:00,DioNasties (S25),1,ur mom (S25),5,,,
6/8/2025 17:15:00,Serving Cunt(ress) (S25),0,Gaydes (S25),9,,,6
6/8/2025 17:15:00,Thunder Cunts (S25),5,Aphrodisiacs (S25),1,,,6
6/8/2025 17:15:00,Serving Cunt(ress) (S25),0,Gaydes (S25),9,,,
6/8/2025 17:15:00,Thunder Cunts (S25),5,Aphrodisiacs (S25),1,,,
7/12/2025 8:55:00,Gridlock Boston,1,Empire Boston,6,,,6
7/12/2025 9:20:00,Empire Boston,6,Big Apple Bottoms,0,,,6
7/12/2025 10:35:00,Big Apple Bottoms,2,Gridlock Boston,4,,,6
7/12/2025 12:25:00,Empire Boston,3,Subway Surfers,1,,1,6
7/20/2025 15:30:00,Drill (Su25),2,Tool Belt (Su25),3,,,6
7/20/2025 15:30:00,Stud Finder (Su25),3,Loose Screw (Su25),1,,,6
7/20/2025 15:50:00,Loose Screw (Su25),2,Drill (Su25),3,,,6
7/20/2025 15:50:00,Stud Finder (Su25),3,Tool Belt (Su25),2,,,6
7/20/2025 16:10:00,Drill (Su25),3,Stud Finder (Su25),1,,,6
7/20/2025 16:10:00,Tool Belt (Su25),3,Loose Screw (Su25),2,,,6
7/23/2025 19:00:00,GayTorade (Su25),0,Dark Roast Doms (Su25),4,,,8
7/23/2025 19:00:00,The Bloody Marys (Su25),1,Cinnamint Toast Munch (Su25),2,,,8
7/23/2025 19:20:00,Green Eggs and Sam (Su25),2,Jolly Green Gays (Su25),3,,,8
7/23/2025 19:20:00,Purple P***y Eaters (Su25),2,Ferociously Fruity Pebbles (Su25),2,,,8
7/23/2025 19:40:00,Cinnamint Toast Munch (Su25),0,Yolked & Choked (Su25),4,,,8
7/23/2025 19:40:00,Dark Roast Doms (Su25),3,Captain Munch (Su25),1,,,8
7/23/2025 20:00:00,Ferociously Fruity Pebbles (Su25),0,The Bloody Marys (Su25),4,,,8
7/23/2025 20:00:00,GayTorade (Su25),1,Purple P***y Eaters (Su25),3,,,8
7/23/2025 20:20:00,Captain Munch (Su25),3,Jolly Green Gays (Su25),1,,,8
7/27/2025 15:30:00,Loose Screw (Su25),2,Tool Belt (Su25),4,,,6
7/27/2025 15:30:00,Stud Finder (Su25),3,Drill (Su25),2,,,6
7/27/2025 15:50:00,Drill (Su25),0,Loose Screw (Su25),5,,,6
7/27/2025 15:50:00,Tool Belt (Su25),3,Stud Finder (Su25),2,,,6
7/27/2025 16:10:00,Loose Screw (Su25),0,Stud Finder (Su25),5,,,6
7/27/2025 16:10:00,Tool Belt (Su25),1,Drill (Su25),4,,,6
7/30/2025 19:00:00,Cinnamint Toast Munch (Su25),4,Green Eggs and Sam (Su25),0,,,8
7/30/2025 19:00:00,GayTorade (Su25),1,Yolked & Choked (Su25),2,,,8
7/30/2025 19:20:00,Dark Roast Doms (Su25),0,The Bloody Marys (Su25),3,,,8
7/30/2025 19:20:00,Purple P***y Eaters (Su25),0,Captain Munch (Su25),5,,,8
7/30/2025 19:40:00,Jolly Green Gays (Su25),0,Cinnamint Toast Munch (Su25),5,,,8
7/30/2025 19:40:00,Yolked & Choked (Su25),3,Ferociously Fruity Pebbles (Su25),0,,,8
7/30/2025 20:00:00,Captain Munch (Su25),4,Green Eggs and Sam (Su25),1,,,8
7/30/2025 20:00:00,The Bloody Marys (Su25),0,GayTorade (Su25),3,,,8
7/30/2025 20:20:00,Ferociously Fruity Pebbles (Su25),1,Jolly Green Gays (Su25),3,,,8
7/30/2025 20:20:00,Purple P***y Eaters (Su25),3,Dark Roast Doms (Su25),0,,,8
8/3/2025 15:30:00,Drill (Su25),2,Stud Finder (Su25),3,,,6
8/3/2025 15:30:00,Loose Screw (Su25),3,Tool Belt (Su25),2,,,6
8/3/2025 15:50:00,Drill (Su25),1,Tool Belt (Su25),4,,,6
8/3/2025 15:50:00,Stud Finder (Su25),4,Loose Screw (Su25),1,,,6
8/3/2025 16:10:00,Loose Screw (Su25),3,Drill (Su25),2,,,6
8/3/2025 16:10:00,Tool Belt (Su25),5,Stud Finder (Su25),1,,,6
8/6/2025 19:00:00,Jolly Green Gays (Su25),2,GayTorade (Su25),2,,,8
8/6/2025 19:00:00,The Bloody Marys (Su25),1,Captain Munch (Su25),2,,,8
8/6/2025 19:20:00,Ferociously Fruity Pebbles (Su25),1,Cinnamint Toast Munch (Su25),3,,,8
8/6/2025 19:20:00,Purple P***y Eaters (Su25),4,Yolked & Choked (Su25),2,,,8
8/6/2025 19:40:00,Dark Roast Doms (Su25),2,Jolly Green Gays (Su25),3,,,8
8/6/2025 19:40:00,GayTorade (Su25),1,Green Eggs and Sam (Su25),3,,,8
8/6/2025 20:00:00,Captain Munch (Su25),1,Cinnamint Toast Munch (Su25),1,,,8
8/6/2025 20:00:00,The Bloody Marys (Su25),1,Purple P***y Eaters (Su25),3,,,8
8/6/2025 20:20:00,Green Eggs and Sam (Su25),1,Ferociously Fruity Pebbles (Su25),2,,,8
8/6/2025 20:20:00,Yolked & Choked (Su25),2,Dark Roast Doms (Su25),4,,,8
8/10/2025 15:30:00,Loose Screw (Su25),3,Stud Finder (Su25),2,,,6
8/10/2025 15:50:00,Drill (Su25),3,Loose Screw (Su25),1,,,6
8/10/2025 15:50:00,Stud Finder (Su25),2,Tool Belt (Su25),1,,,6
8/10/2025 16:10:00,Stud Finder (Su25),4,Drill (Su25),1,,,6
8/10/2025 16:10:00,Tool Belt (Su25),2,Loose Screw (Su25),1,,,6
8/10/2025 17:00:00,Better Late Than Never,0,Clit Bait Tourney,5,,,6
8/10/2025 17:00:00,Sizzorhood,2,Sticky Fingers,3,,,6
8/10/2025 17:25:00,Clit Bait Tourney,4,The Fantastic Flore,1,,,6
8/10/2025 17:25:00,Sticky Fingers,4,Substantial Women,2,,,6
8/10/2025 17:50:00,Sizzorhood,3,Better Late Than Never,2,,,6
8/10/2025 17:50:00,Substantial Women,5,The Fantastic Flore,2,,,6
8/10/2025 18:15:00,Better Late Than Never,4,Sticky Fingers,1,,,6
8/10/2025 18:15:00,Substantial Women,5,Clit Bait Tourney,2,,,6
8/10/2025 18:55:00,Better Late Than Never,4,Substantial Women,2,,,6
8/10/2025 18:55:00,The Fantastic Flore,2,Sizzorhood,3,,,6
8/10/2025 19:20:00,Sizzorhood,5,Clit Bait Tourney,1,,,6
8/10/2025 19:20:00,Sticky Fingers,4,The Fantastic Flore,1,,,6
8/10/2025 19:45:00,Clit Bait Tourney,4,Sticky Fingers,2,,,6
8/10/2025 19:45:00,Substantial Women,2,Sizzorhood,5,,,6
8/10/2025 20:10:00,The Fantastic Flore,5,Better Late Than Never,1,,,6
8/13/2025 19:00:00,Captain Munch (Su25),4,Ferociously Fruity Pebbles (Su25),1,,,8
8/13/2025 19:00:00,Jolly Green Gays (Su25),3,Purple P***y Eaters (Su25),1,,,8
8/13/2025 19:20:00,Cinnamint Toast Munch (Su25),4,GayTorade (Su25),0,,,8
8/13/2025 19:20:00,Green Eggs and Sam (Su25),2,Dark Roast Doms (Su25),2,,,8
8/13/2025 19:40:00,Jolly Green Gays (Su25),1,The Bloody Marys (Su25),2,,,8
8/13/2025 19:40:00,Yolked & Choked (Su25),1,Captain Munch (Su25),3,,,8
8/13/2025 20:00:00,GayTorade (Su25),2,Ferociously Fruity Pebbles (Su25),2,,,8
8/13/2025 20:00:00,Green Eggs and Sam (Su25),2,Purple P***y Eaters (Su25),1,,,8
8/13/2025 20:20:00,Dark Roast Doms (Su25),1,Cinnamint Toast Munch (Su25),2,,,8
8/13/2025 20:20:00,Yolked & Choked (Su25),1,The Bloody Marys (Su25),4,,,8
8/17/2025 15:30:00,Drill (Su25),2,Stud Finder (Su25),2,,,6
8/17/2025 15:30:00,Loose Screw (Su25),2,Tool Belt (Su25),1,,,6
8/17/2025 15:50:00,Drill (Su25),0,Tool Belt (Su25),5,,,6
8/17/2025 15:50:00,Stud Finder (Su25),3,Loose Screw (Su25),1,,,6
8/17/2025 16:10:00,Loose Screw (Su25),0,Drill (Su25),3,,,6
8/17/2025 16:10:00,Tool Belt (Su25),3,Stud Finder (Su25),1,,,6
8/17/2025 17:00:00,Sticky Fingers,1,The Fantastic Flore,0,1,1,6
8/17/2025 17:25:00,Sticky Fingers,0,Clit Bait Tourney,1,1,1,6
8/17/2025 17:25:00,Substantial Women,1,Sizzorhood,0,1,1,6
8/17/2025 17:50:00,Sticky Fingers,1,Better Late Than Never,0,1,1,6
8/17/2025 17:50:00,The Fantastic Flore,0,Sizzorhood,1,1,1,6
8/17/2025 18:15:00,Sticky Fingers,1,Sizzorhood,0,1,1,6
8/17/2025 18:15:00,Substantial Women,0,Clit Bait Tourney,1,1,1,6
8/17/2025 18:40:00,Substantial Women,1,Sticky Fingers,0,1,1,6
8/17/2025 19:05:00,Substantial Women,0,Clit Bait Tourney,1,1,1,6
8/20/2025 19:00:00,Captain Munch (Su25),2,GayTorade (Su25),2,,,8
8/20/2025 19:00:00,Yolked & Choked (Su25),2,Jolly Green Gays (Su25),3,,,8
8/20/2025 19:20:00,Cinnamint Toast Munch (Su25),4,The Bloody Marys (Su25),2,,,8
8/20/2025 19:20:00,Ferociously Fruity Pebbles (Su25),2,Purple P***y Eaters (Su25),2,,,8
8/20/2025 19:40:00,Dark Roast Doms (Su25),5,GayTorade (Su25),1,,,8
8/20/2025 19:40:00,Green Eggs and Sam (Su25),3,Yolked & Choked (Su25),1,,,8
8/20/2025 20:00:00,Jolly Green Gays (Su25),3,Captain Munch (Su25),1,,,8
8/20/2025 20:00:00,Purple P***y Eaters (Su25),0,Cinnamint Toast Munch (Su25),4,,,8
8/20/2025 20:20:00,Ferociously Fruity Pebbles (Su25),0,Dark Roast Doms (Su25),3,,,8
8/20/2025 20:20:00,The Bloody Marys (Su25),1,Green Eggs and Sam (Su25),1,,,8
8/24/2025 15:30:00,Drill (Su25),1,Loose Screw (Su25),2,,,6
8/24/2025 15:30:00,Stud Finder (Su25),2,Tool Belt (Su25),2,,,6
8/24/2025 15:50:00,Stud Finder (Su25),4,Drill (Su25),1,,,6
8/24/2025 15:50:00,Tool Belt (Su25),3,Loose Screw (Su25),2,,,6
8/24/2025 16:10:00,Loose Screw (Su25),2,Stud Finder (Su25),2,,,6
8/24/2025 16:10:00,Tool Belt (Su25),3,Drill (Su25),2,,,6
8/27/2025 19:00:00,Green Eggs and Sam (Su25),0,GayTorade (Su25),1,1,1,8
8/27/2025 19:00:00,Yolked & Choked (Su25),1,Ferociously Fruity Pebbles (Su25),0,1,1,8
8/27/2025 19:20:00,Dark Roast Doms (Su25),0,Purple P***y Eaters (Su25),1,1,1,8
8/27/2025 19:20:00,Jolly Green Gays (Su25),1,The Bloody Marys (Su25),0,1,1,8
8/27/2025 19:40:00,Captain Munch (Su25),0,Yolked & Choked (Su25),1,1,1,8
8/27/2025 19:40:00,Cinnamint Toast Munch (Su25),1,GayTorade (Su25),0,1,1,8
8/27/2025 20:00:00,Dark Roast Doms (Su25),1,Ferociously Fruity Pebbles (Su25),0,1,1,8
8/27/2025 20:20:00,Cinnamint Toast Munch (Su25),0,Purple P***y Eaters (Su25),1,1,1,8
8/27/2025 20:20:00,Yolked & Choked (Su25),1,Jolly Green Gays (Su25),0,1,1,8
8/27/2025 20:40:00,Green Eggs and Sam (Su25),1,Dark Roast Doms (Su25),0,1,1,8
8/29/2025 12:03:00,Gridlock Nola,1,Empire Nola,3,,1,6
9/7/2025 15:30:00,Stud Finder (Su25),3,Loose Screw (Su25),1,,1,6
9/7/2025 15:30:00,Tool Belt (Su25),2,Drill (Su25),3,,1,6
9/7/2025 15:50:00,Loose Screw (Su25),3,Tool Belt (Su25),2,,1,6
9/7/2025 15:50:00,Stud Finder (Su25),5,Drill (Su25),0,,1,6
9/7/2025 16:10:00,Loose Screw (Su25),1,Drill (Su25),0,1,1,6
9/7/2025 16:30:00,Stud Finder (Su25),1,Loose Screw (Su25),0,1,1,6
10/12/2025 15:30:00,Gengar (F25),5,Charmander (F25),1,,,6
10/12/2025 15:30:00,Lickitung (F25),2,Articuno (F25),3,,,6
10/12/2025 15:50:00,Cubone (F25),1,Gengar (F25),4,,,6
10/12/2025 16:10:00,Charmander (F25),2,Articuno (F25),4,,,6
10/12/2025 16:10:00,Lickitung (F25),3,Cubone (F25),3,,,6
10/19/2025 15:30:00,Charmander (F25),3,Cubone (F25),2,,,6
10/19/2025 15:30:00,Gengar (F25),3,Lickitung (F25),2,,,
10/19/2025 15:50:00,Cubone (F25),2,Articuno (F25),3,,,6
10/19/2025 16:10:00,Articuno (F25),1,Gengar (F25),4,,,6
10/19/2025 16:10:00,Lickitung (F25),3,Charmander (F25),3,,,6
10/26/2025 15:30:00,Articuno (F25),3,Lickitung (F25),3,,,6
10/26/2025 15:30:00,Gengar (F25),2,Cubone (F25),5,,,6
10/26/2025 15:50:00,Articuno (F25),3,Charmander (F25),4,,,6
10/26/2025 16:10:00,Charmander (F25),5,Gengar (F25),1,,,6
10/26/2025 16:10:00,Cubone (F25),2,Lickitung (F25),3,,,6
10/29/2025 19:00:00,Cunt Dracula (F25),1,Count Von Cunt (F25),2,,,8
10/29/2025 19:00:00,Howlsexuals (F25),5,Dykeness Monsters (F25),1,,,8
10/29/2025 19:20:00,And They Were Broomates (F25),1,Hump Her Stiltskin (F25),2,,,8
10/29/2025 19:20:00,Peach Gobblers (F25),3,Fearmint (F25),3,,,8
10/29/2025 19:40:00,Count Von Cunt (F25),2,Yeti Set Go (F25),2,,,8
10/29/2025 19:40:00,Dykeness Monsters (F25),1,Ghouls Gone Wild (F25),6,,,8
10/29/2025 20:00:00,Fearmint (F25),2,And They Were Broomates (F25),1,,,8
10/29/2025 20:00:00,Howlsexuals (F25),4,Cunt Dracula (F25),1,,,8
10/29/2025 20:20:00,Ghouls Gone Wild (F25),2,Hump Her Stiltskin (F25),3,,,8
10/29/2025 20:20:00,Yeti Set Go (F25),3,Peach Gobblers (F25),2,,,8
11/2/2025 15:30:00,Charmander (F25),5,Lickitung (F25),1,,,6
11/2/2025 15:30:00,Gengar (F25),5,Articuno (F25),0,,,6
11/2/2025 15:50:00,Cubone (F25),2,Charmander (F25),5,,,6
11/2/2025 16:10:00,Cubone (F25),5,Articuno (F25),1,,,6
11/2/2025 16:10:00,Lickitung (F25),2,Gengar (F25),3,,,6
11/5/2025 19:00:00,Ghouls Gone Wild (F25),1,And They Were Broomates (F25),4,,,8
11/5/2025 19:00:00,Hump Her Stiltskin (F25),1,Peach Gobblers (F25),2,,,8
11/5/2025 19:20:00,Dykeness Monsters (F25),2,Yeti Set Go (F25),3,,,8
11/5/2025 19:20:00,Howlsexuals (F25),4,Fearmint (F25),1,,,8
11/5/2025 19:40:00,Count Von Cunt (F25),0,Hump Her Stiltskin (F25),4,,,8
11/5/2025 19:40:00,Cunt Dracula (F25),1,Ghouls Gone Wild (F25),4,,,8
11/5/2025 20:00:00,Peach Gobblers (F25),3,And They Were Broomates (F25),1,,,8
11/5/2025 20:00:00,Yeti Set Go (F25),0,Howlsexuals (F25),4,,,8
11/5/2025 20:20:00,Cunt Dracula (F25),4,Dykeness Monsters (F25),1,,,8
11/5/2025 20:20:00,Fearmint (F25),3,Count Von Cunt (F25),1,,,8
11/8/2025 9:00:00,Clit Bait Charity,1,Wetness Protection Program,3,,,8
11/8/2025 9:00:00,Gridlock Charity,2,Itty Bitty Char(titty) Committee,1,,,8
11/8/2025 9:20:00,Mixed Bag,0,Service Tops,2,,,8
11/8/2025 9:20:00,Wetness Protection Program,3,Gridlock Charity,0,,,8
11/8/2025 9:40:00,Clit Bait Charity,3,Mixed Bag,0,,,8
11/8/2025 10:00:00,Itty Bitty Char(titty) Committee,2,Clit Bait Charity,2,,,8
11/8/2025 10:00:00,Mixed Bag,0,Wetness Protection Program,5,,,8
11/8/2025 10:20:00,Gridlock Charity,2,Service Tops,1,,,8
11/8/2025 10:20:00,Wetness Protection Program,2,Itty Bitty Char(titty) Committee,0,,,8
11/8/2025 10:40:00,Clit Bait Charity,3,Service Tops,1,,,8
11/8/2025 10:40:00,Mixed Bag,0,Gridlock Charity,3,,,8
11/8/2025 11:00:00,Itty Bitty Char(titty) Committee,2,Mixed Bag,1,,,8
11/8/2025 11:00:00,Service Tops,0,Wetness Protection Program,4,,,8
11/8/2025 11:20:00,Gridlock Charity,2,Clit Bait Charity,2,,,8
11/8/2025 11:50:00,Clit Bait Charity,2,Mixed Bag,0,,1,8
11/8/2025 11:50:00,Service Tops,1,Itty Bitty Char(titty) Committee,2,,1,8
11/8/2025 12:10:00,Gridlock Charity,0,Clit Bait Charity,2,,1,8
11/8/2025 12:10:00,Wetness Protection Program,2,Itty Bitty Char(titty) Committee,0,,1,8
11/8/2025 12:30:00,Wetness Protection Program,3,Clit Bait Charity,1,,1,8
11/12/2025 19:00:00,Yeti Set Go (F25),3,Cunt Dracula (F25),1,,,8
11/12/2025 19:00:00,Howlsexuals (F25),2,And They Were Broomates (F25),2,,,8
11/12/2025 19:20:00,Ghouls Gone Wild (F25),0,Peach Gobblers (F25),5,,,8
11/12/2025 19:20:00,Fearmint (F25),3,Dykeness Monsters (F25),1,,,8
11/12/2025 19:40:00,Hump Her Stiltskin (F25),2,Howlsexuals (F25),2,,,8
11/12/2025 19:40:00,And They Were Broomates (F25),0,Count Von Cunt (F25),2,,,8
11/12/2025 20:00:00,Yeti Set Go (F25),1,Ghouls Gone Wild (F25),3,,,8
11/12/2025 20:00:00,Cunt Dracula (F25),1,Fearmint (F25),3,,,
11/12/2025 20:20:00,Dykeness Monsters (F25),1,Hump Her Stiltskin (F25),3,,,8
11/12/2025 20:20:00,Count Von Cunt (F25),1,Peach Gobblers (F25),3,,,
11/16/2025 15:30:00,Lickitung (F25),2,Cubone (F25),3,,,6
11/16/2025 15:30:00,Gengar (F25),4,Charmander (F25),1,,,6
11/16/2025 15:50:00,Charmander (F25),3,Articuno (F25),3,,,6
11/16/2025 16:10:00,Cubone (F25),1,Gengar (F25),4,,,6
11/16/2025 16:10:00,Lickitung (F25),4,Articuno (F25),1,,,6
11/19/2025 19:00:00,Hump Her Stiltskin (F25),2,Cunt Dracula (F25),2,,,8
11/19/2025 19:00:00,Howlsexuals (F25),6,Count Von Cunt (F25),1,,,8
11/19/2025 19:20:00,Dykeness Monsters (F25),2,Peach Gobblers (F25),5,,,8
11/19/2025 19:20:00,Fearmint (F25),2,Ghouls Gone Wild (F25),3,,,8
11/19/2025 19:40:00,Hump Her Stiltskin (F25),2,Yeti Set Go (F25),2,,,8
11/19/2025 19:40:00,And They Were Broomates (F25),0,Cunt Dracula (F25),4,,,8
11/19/2025 20:00:00,Peach Gobblers (F25),2,Howlsexuals (F25),3,,,8
11/19/2025 20:00:00,Ghouls Gone Wild (F25),2,Count Von Cunt (F25),3,,,
11/19/2025 20:20:00,And They Were Broomates (F25),2,Dykeness Monsters (F25),1,,,8
11/19/2025 20:20:00,Fearmint (F25),2,Yeti Set Go (F25),1,,,
11/23/2025 15:30:00,Lickitung (F25),3,Charmander (F25),3,,,6
11/23/2025 15:30:00,Articuno (F25),0,Cubone (F25),6,,,6
11/23/2025 15:50:00,Articuno (F25),1,Gengar (F25),5,,,6
11/23/2025 16:10:00,Charmander (F25),5,Cubone (F25),3,,,6
11/23/2025 16:10:00,Gengar (F25),4,Lickitung (F25),2,,,6
12/3/2025 19:00:00,And They Were Broomates (F25),1,Fearmint (F25),2,,,8
12/3/2025 19:00:00,Count Von Cunt (F25),4,Dykeness Monsters (F25),0,,,8
12/3/2025 19:20:00,Cunt Dracula (F25),0,Peach Gobblers (F25),5,,,8
12/3/2025 19:20:00,Ghouls Gone Wild (F25),2,Howlsexuals (F25),2,,,8
12/3/2025 19:40:00,Yeti Set Go (F25),1,And They Were Broomates (F25),2,,,8
12/3/2025 19:40:00,Fearmint (F25),2,Hump Her Stiltskin (F25),2,,,8
12/3/2025 20:00:00,Count Von Cunt (F25),1,Cunt Dracula (F25),3,,,8
12/3/2025 20:00:00,Dykeness Monsters (F25),0,Howlsexuals (F25),5,,,8
12/3/2025 20:20:00,Hump Her Stiltskin (F25),3,Ghouls Gone Wild (F25),2,,,8
12/3/2025 20:20:00,Peach Gobblers (F25),4,Yeti Set Go (F25),2,,,8
12/7/2025 15:30:00,Lickitung (F25),4,Articuno (F25),2,,1,6
12/7/2025 15:30:00,Charmander (F25),3,Cubone (F25),4,,1,6
12/7/2025 15:50:00,Lickitung (F25),1,Gengar (F25),0,1,1,6
12/7/2025 16:10:00,Lickitung (F25),1,Cubone (F25),0,1,1,6
12/10/2025 19:00,Cunt Dracula (F25),0,And They Were Broomates (F25),1,1,1,8
12/10/2025 19:00,Yeti Set Go (F25),1,Dykeness Monsters (F25),0,1,1,8
12/10/2025 19:20,Peach Gobblers (F25),1,Yeti Set Go (F25),0,1,1,8
12/10/2025 19:40,Howlsexuals (F25),0,And They Were Broomates (F25),1,1,1,8
12/10/2025 20:00,Dykeness Monsters (F25),0,Count Von Cunt (F25),1,1,1,8
12/10/2025 20:00,Cunt Dracula (F25),1,Fearmint (F25),0,1,1,8
12/10/2025 20:20,And They Were Broomates (F25),1,Ghouls Gone Wild (F25),0,1,1,8
12/10/2025 20:20,Hump Her Stiltskin (F25),0,Peach Gobblers (F25),1,1,1,8
12/10/2025 20:40,And They Were Broomates (F25),1,Peach Gobblers (F25),0,1,1,8
1/18/26 10:00,Lightning McQueers,1,New York City Lickers,0,1,1,8
1/18/26 10:20,Munch,1,Lez Miseraballs,0,1,1,8
1/28/2026 19:00:00,Crows Before Hoes (W26),2,Swallow This (W26),2,,,
1/28/2026 19:00:00,Pigeon Hole (W26),2,MOTHER Goose (W26),1,,,
1/28/2026 19:20:00,Cummingbirds (W26),2,WouldPeckHer (W26),3,,,
1/28/2026 19:20:00,Gay Birds (W26),3,Cardinal Sinners (W26),2,,,
1/28/2026 19:40:00,Blue-Footed Boobies (W26),2,Pigeon Hole (W26),2,,,
1/28/2026 19:40:00,MOTHER Goose (W26),3,Flaminghoes (W26),2,,,
1/28/2026 20:00:00,Cardinal Sinners (W26),1,Crows Before Hoes (W26),3,,,
1/28/2026 20:00:00,WouldPeckHer (W26),0,Swallow This (W26),3,,,
1/28/2026 20:20:00,Flaminghoes (W26),4,Cummingbirds (W26),0,,,
1/28/2026 20:20:00,Gay Birds (W26),5,Blue-Footed Boobies (W26),0,,,
2/4/2026 19:00:00,Cardinal Sinners (W26),1,MOTHER Goose (W26),2,,,
2/4/2026 19:00:00,Swallow This (W26),1,Flaminghoes (W26),4,,,
2/4/2026 19:20:00,Cummingbirds (W26),1,Pigeon Hole (W26),2,,,
2/4/2026 19:20:00,Blue-Footed Boobies (W26),2,Crows Before Hoes (W26),1,,,
2/4/2026 19:40:00,Flaminghoes (W26),4,WouldPeckHer (W26),1,,,
2/4/2026 19:40:00,MOTHER Goose (W26),2,Gay Birds (W26),1,,,
2/4/2026 20:00:00,Blue-Footed Boobies (W26),2,Cardinal Sinners (W26),1,,,
2/4/2026 20:00:00,Pigeon Hole (W26),2,Swallow This (W26),1,,,
2/4/2026 20:20:00,Gay Birds (W26),3,Cummingbirds (W26),1,,,
2/4/2026 20:20:00,Crows Before Hoes (W26),1,WouldPeckHer (W26),1,,,
2/7/26 16:00,Draft Dodgers,2,Gridlock Philly,1,,,6
2/7/26 18:30,Empire Philly,4,Sparkle Motion,1,,,6
2/8/2026 15:30:00,Fat Bush (W26),4,SoHoMos (W26),1,,,
2/8/2026 15:30:00,The Ferry Ride-Hers 🚢 (W26),1,Carroll's Garden (W26),2,,,
2/8/2026 15:50:00,Big Dyker Energy (W26),2,SoHoMos (W26),3,,,
2/8/2026 16:10:00,Fat Bush (W26),4,The Ferry Ride-Hers 🚢 (W26),2,,,
2/8/2026 16:10:00,Carroll's Garden (W26),6,Big Dyker Energy (W26),1,,,
2/11/2026 19:00:00,Cardinal Sinners (W26),1,Swallow This (W26),2,,,
2/11/2026 19:00:00,Blue-Footed Boobies (W26),1,Cummingbirds (W26),2,,,
2/11/2026 19:20:00,WouldPeckHer (W26),2,Pigeon Hole (W26),2,,,
2/11/2026 19:20:00,Crows Before Hoes (W26),2,Flaminghoes (W26),3,,,
2/11/2026 19:40:00,Swallow This (W26),2,Gay Birds (W26),2,,,
2/11/2026 19:40:00,MOTHER Goose (W26),1,Blue-Footed Boobies (W26),3,,,
2/11/2026 20:00:00,Cummingbirds (W26),4,Cardinal Sinners (W26),0,,,
2/11/2026 20:00:00,Pigeon Hole (W26),0,Flaminghoes (W26),4,,,
2/11/2026 20:20:00,Gay Birds (W26),2,WouldPeckHer (W26),1,,,
2/11/2026 20:20:00,MOTHER Goose (W26),4,Crows Before Hoes (W26),2,,,
2/15/2026 15:30:00,The Ferry Ride-Hers 🚢 (W26),3,SoHoMos (W26),3,,,
2/15/2026 15:30:00,Fat Bush (W26),1,Carroll's Garden (W26),4,,,
2/15/2026 15:50:00,Fat Bush (W26),4,Big Dyker Energy (W26),2,,,
2/15/2026 16:10:00,Big Dyker Energy (W26),1,The Ferry Ride-Hers 🚢 (W26),4,,,
2/15/2026 16:10:00,Carroll's Garden (W26),3,SoHoMos (W26),3,,,
2/25/2026 19:00:00,WouldPeckHer (W26),2,Cardinal Sinners (W26),3,,,
2/25/2026 19:00:00,Swallow This (W26),2,Blue-Footed Boobies (W26),2,,,
2/25/2026 19:20:00,Cummingbirds (W26),0,MOTHER Goose (W26),4,,,
2/25/2026 19:20:00,Flaminghoes (W26),3,Gay Birds (W26),2,,,
2/25/2026 19:40:00,WouldPeckHer (W26),3,Blue-Footed Boobies (W26),1,,,
2/25/2026 19:40:00,Crows Before Hoes (W26),0,Pigeon Hole (W26),4,,,
2/25/2026 20:00:00,Swallow This (W26),0,MOTHER Goose (W26),4,,,
2/25/2026 20:00:00,Cardinal Sinners (W26),0,Flaminghoes (W26),3,,,
2/25/2026 20:20:00,Cummingbirds (W26),3,Crows Before Hoes (W26),1,,,
2/25/2026 20:20:00,Gay Birds (W26),1,Pigeon Hole (W26),2,,,
3/1/2026 16:00:00,Big Dyker Energy (W26),2,The Ferry Ride-Hers 🚢 (W26),4,,,
3/1/2026 16:00:00,SoHoMos (W26),4,Fat Bush (W26),1,,,
3/1/2026 16:20:00,Carroll's Garden (W26),1,The Ferry Ride-Hers 🚢 (W26),6,,,
3/1/2026 16:20:00,Big Dyker Energy (W26),3,SoHoMos (W26),2,,,
3/1/2026 16:40:00,Fat Bush (W26),2,Carroll's Garden (W26),4,,,
3/4/2026 19:00:00,Pigeon Hole (W26),3,Blue-Footed Boobies (W26),2,,,
3/4/2026 19:00:00,Cummingbirds (W26),2,Swallow This (W26),2,,,
3/4/2026 19:20:00,Crows Before Hoes (W26),3,Gay Birds (W26),2,,,
3/4/2026 19:20:00,Flaminghoes (W26),1,MOTHER Goose (W26),3,,,
3/4/2026 19:40:00,Pigeon Hole (W26),2,Cardinal Sinners (W26),1,,,
3/4/2026 19:40:00,WouldPeckHer (W26),2,Cummingbirds (W26),1,,,
3/4/2026 20:00:00,Swallow This (W26),1,Crows Before Hoes (W26),3,,,
3/4/2026 20:00:00,Blue-Footed Boobies (W26),1,Flaminghoes (W26),4,,,
3/4/2026 20:20:00,MOTHER Goose (W26),4,WouldPeckHer (W26),0,,,
3/4/2026 20:20:00,Cardinal Sinners (W26),0,Gay Birds (W26),3,,,
3/8/2026 15:30:00,SoHoMos (W26),5,The Ferry Ride-Hers 🚢 (W26),1,,,
3/8/2026 15:30:00,Big Dyker Energy (W26),3,Fat Bush (W26),2,,,
3/8/2026 15:50:00,The Ferry Ride-Hers 🚢 (W26),2,Big Dyker Energy (W26),3,,,
3/8/2026 15:50:00,Carroll's Garden (W26),4,Fat Bush (W26),2,,,
3/8/2026 16:10:00,SoHoMos (W26),2,Carroll's Garden (W26),3,,,
3/11/2026 19:00:00,Blue-Footed Boobies (W26),0,Cardinal Sinners (W26),1,,,
3/11/2026 19:20:00,Pigeon Hole (W26),0,Swallow This (W26),1,,,
3/15/2026 15:30:00,Carroll's Garden (W26),7,Big Dyker Energy (W26),0,,,
3/15/2026 15:30:00,Fat Bush (W26),4,SoHoMos (W26),2,,,
3/15/2026 15:50:00,The Ferry Ride-Hers 🚢 (W26),0,Carroll's Garden (W26),6,,,
3/15/2026 15:50:00,Big Dyker Energy (W26),3,SoHoMos (W26),2,,,
3/15/2026 16:10:00,Fat Bush (W26),3,The Ferry Ride-Hers 🚢 (W26),3,,,
